,Samples,Maturidade,SiO2,TiO2,Sc,V,La,Ce,Al2O3,Cr2O3,FeO,MnO,MgO,CaO,Na2O,K2O,P2O5,S,Co,Ni,Ba,Sr,Hf,Ta,Th,U,K,Nd,Sm,Eu,Tb,Dy,Ho,Tm,Yb,Lu,Zr,Ir,Au,O,Cr,Mn
0,10002,,42.16,7.75,60.2,70,15.8,43,13.60,0.30,15.34,0.20,7.76,11.94,00.47,,0.05,0.12,28.0,200,170,160,9.00,1.25,1.90,0.5,,37,11.4,1.60,2.9,17,4.1,,10.0,1.39,,,,,,
1,10010,75.0,41.5,7.58,61,47,14.9,46,13.21,0.30,15.83,0.24,9.7,12.05,00.44,0.14,0.11,,29,197,205,2.5,,1.6,1.5,,,,12.1,1.66,7.82,,,,9.91,1.46,,,,,,
2,10011,69.0,41.5,7.58,61,47,14.9,46,13.21,0.30,15.83,0.24,9.7,12.05,00.44,0.14,0.11,,29,197,205,2.5,,1.6,1.5,,,,12.1,1.66,7.82,,,,9.91,1.46,,,,,,
3,10084,78.0,41.0,7.3,61.7,,16.9,47.3,12.8,0.30,16.2,0.22,9.2,12.4,00.38,0.15,1.6,,26.8,200,168,,,1.4,,,,41,13.66,1.74,,21.0,4.34.6,,11.35,1.69,,,,,,
4,10085,75.0,,,,,,,,,,,,,0,,,,,,,,,,,,,,,,,,,,,,,,,,,
5,10086,,,,,,,,,,,,,,0,,,,,,,,,,,,,,,,,,,,,,,,,,,
6,10087,,,,,,,,,,,,,,0,,,,,,,,,,,,,,,,,,,,,,,,,,,
7,12001,56.0,46.0,2.8,40.2,110,35.6,85,12.5,0.41,17.2,0.22,10.4,10.9,00.48,0.26,1.8,,42.5,190,430,140,11.8,1.5,5.4,,,57,17.3,1.85,3.7,22.0,5.0,1.8,13.0,1.85,,,,,,
8,21003,57.0,45.9,3.6,,,,,14.2,0.35,15.4,0.22,9.7,10.4,00.43,0.24,,,,,,,,,,,,,,,,,,,,,,,,,,
9,12023,60.0,,2.8,35.7,,33,88,13.9,22,15.4,10.0,11.,11.23,06.,,2.5,1.,42,220,423,,11.6,1.5,6.3,1.7,,62,15.5,1.8,3.4,,,,12.4,1.74,,,,,2.5,1.5
10,12024,30.0,,,,,,,,,,,,,0,,,,,,,,,,,,,,,,,,,,,,,,,,,
11,12029,,,,,,,,,,,,,,0,,,,,,,,,,,,,,,,,,,,,,,,,,,
12,12030,14.0,46.6,3.6,,,,,14.2,0.35,15.4,0.22,9.70,10.40,00.43,0.24,,,,,,,,,,,,,,,,,,,,,,,,,,
13,12032,12.0,,2.9,,,,117,15.2,0.26,14.1,0.2,9.4,10.7,00.59,0.36,2.2,,,,529,,,,,,,73.0,20.7,2.12,,28.0,,,15.2,2.24,,,,,,
14,12033,14.6,48.2,2.33,,,48.5±0.6,127.0±2,15.1,0.37,12.9,0.18,8.43,10.6,00.87,0.54,0.55,,,,,,,,,,,90.0±20,21.5±0.2,2.31±0.02,4.6±0.2,31.8±0.2,6.1±0.3,,17.4±0.5,2.43±0.03,,,,,,
15,12037,21.0,44.8,3.5,,160,51.3,136,15.1,0.36,14.9,0.25,10.2,10.5,00.65,0.38,2.4,,,,,,,,,,,80,23.5,1.96,4.6,28.0,7.9,2.6,17.8,2.43,,,,,,
16,12041,63.0,46.8,2.7,,,,,15.4,0.23,14.2,0.2,9.1,10.9,00.43,0.25,,,,,,,,,,,,,,,,,,,,,,,,,,
17,12042,61.0,45.7,2.71,,,36.8,111,13.0,0.39,16.2,0.24,10.4,10.6,00.54,0.25,0.33,,,,,,,,,,,79,19.7,2.03,3.87,25.8,4.46,,13.8,2.09,,,,,,
18,12044,57.0,46.7,3.6,37.9,,33.1,94,14.6,0.28,14.2,0.21,9.5,10.6,00.43,0.24,2590,,45.5,,380,,12.9,1.9,7.4,,,63,20.16.27,2.121.69,3.79,,4.2,,12.9,1.81,,,,,,
19,12057,40,45.74,2.91,,97,33,90,12.13,0.35,17.43,0.23,9.90,10.44,00.45,0.25,0.26,0.07,40,158,370,142.8,,,5.8,1.2,,,,,,,,,,,,,,,,
20,12060,24.0,45.3,4.2,,,,,12.6,0.23,16.9,0.27,9.6,10.5,00.38,0.25,0.26,0.07,,,,,,,,,,,,,,,,,,,,,,,,
21,12070,47.0,45.7,2.78,,,34.9±0.5,86.3±103,13.0,0.42,16.4,0.23,10.5,10.4,00.48,0.23,0.32,,,,,,,,,,,57.0±0.9,18.1±0.3,1.79±0.04,3.7±0.1,24.3±3,4.90±0.05,,12.9±0.4,1.9±0.03,,,,,,
22,14003,66.0,48.08,1.77,27,58,75,,17.59,0.26,10.45,0.14,9.27,11.12,0.65,0.54,0.58,,308,430,1000,135,,,,,,,,,,,,,27,,,,,,,
23,14141,5.7,,0.98,21.5,,71.4,200,8.75,,7.9,,25.,5.7,015,,3.3,,31.0,,900,,25.0,5.7,15.3,,,104,34.7,2.82,7.4,,,,23.8,3.35,,,,,,
24,14148,74.0,48.5,1.71,21.0,44,64.3,176,17.38,,10.55,0.13,9.66,10.40,0.71,0.53,0.50,0.19,34.4,,,,25.7,4.7,13.8,,,98,31.5,2.68,6.6,,,,21.7,3.18,,,,,,
25,14149,53.0,48.0,1.61,21.5,,65.1,177,17.45,0.19,9.95,0.14,9.54,10.54,0.75,0.58,0.48,,40.0,,,,23.0,4.8,13.6,,,100,31.6,2.76,6.7,,,,21.7,3.08,,,,,,
26,14156,68.0,48.1,1.71,20.9,36,65.1,175,17.15,0.19,10.55,0.14,9.55,10.16,0.72,0.53,0.49,,36.2,,,,23.2,4.8,13.8,,,,314,2.66,6.6,,,,21.5,3.05,,,,,,
27,14163,57.0,47.97,1.77,25,57,79,,17.57,0.26,10.41,0.14,9.18,11.15,0.68,0.58,0.52,,36,400,1100,140,,,,,,,,,,,,,28,,,,,,,
28,14240,46.0,47.77,1.67,28,52,67,,17.99,0.23,10.02,0.14,9.47,11.25,0.70,0.54,0.55,,33,320,1170,390,,,,,,,,,,,,,23,,,,,,,
29,14259,85.0,48.16,1.73,28,62,77,,17.60,0.26,10.41,0.14,9.26,11.25,0.61,0.51,0.53,,38,440,1100,150,,,,,,,,,,,,,30,,,,,,,
30,14260,72.0,47.11,1.87,22.8,,66.5,172,16.97,45,11.08,0.17,9.42,10.95,0.68,0.49,0.47,0.12,38.1,450,,,23.8,3.8,12.1,,,,28.9,2.40,8.3,,,,21.7,3.06,,,,,164,
31,15012,66.0,46.77,1.46,28,114,,,16.75,0.30,12.40,0.17,10.35,10.95,0.45,0.21,0.22,,40,,,,9.9,,4.9,,,,,,,,,,,,,,,,,
32,15013,77.0,46.94,1.72,,,,,14.46,0.35,14.98,0.21,10.35,10.38,0.44,0.22,0.22,,,,,,,,,,,,,,,,,,,,,,,,,
33,15014,,,,,,,,,,,,,,,,,,,,,,,,,,,,,,,,,,,,,,,,,
34,15020,70.0,46.56,1.75,28,114,26,73,13.73,,15.21,0.20,10.37,10.54,0.41,0.20,0.18,0.06,40,,320,,9.9,1.2,4.9,1.5,,,12.9,1.4,2.3,,,,9.5,1.3,350,,,,,
35,15030,68.0,,1.70,28,120,27,75,14.1,0.39,270,0.19,12.0,10.20,0.45,0.23,320,,42,,270,,9.5,1.1,4.8,1.6,,,12.9,1.3,2.4,,,,8.7,1.3,320,,,,,
36,15040,94.0,,1.70,26,170,26,68,14.20,0.36,14.30,0.18,11.0,10.60,0.43,0.21,350,,41,,250,,9.1,1.1,4.8,1.6,,,12.7,1.3,2.2,,,,8.1,1.2,350,,,,,
37,15070,52.0,46.95,1.60,,,,,12.70,0.46,16.29,0.21,10.75,10.49,0.33,0.092,0.130,0.07,46.1,170,,,,,,,,,,,,,,,,,,,,,,
38,15080,68.0,48.13,1.501,,116,,,13.85,0.44,16.21,0.2,11.14,11.19,0.36,0.15,,,46,209,185,120,,,,,,,,,,,,,,,,,,,,
39,15090,74.0,46.47,1.31,21,80,32,,17.47,0.24,11.57,0.17,10.50,11.77,0.41,0.18,0.16,,39,365,,155,,,,,,,,,,,,,7.7,,,,,,,
40,15100,70.0,46.29,1.31,21,94,28,,17.70,0.22,11.53,0.16,10.55,11.54,0.41,0.19,0.16,,44,295,350,170,,,,,,,,,,,,,9.4,,,,,,,
41,15200,68.0,,,,,,,,,,,,,,,,,,,,,,,,,,,,,,,,,,,,,,,,
42,15210,60.0,46.35,1.34,22,80,,,17.73,0.23,11.66,0.16,10.48,11.68,0.44,0.19,0.19,,40,325,315,150,,,,,,,,,,,,,7.7,,,,,,,
43,15220,63.0,46.56,1.27,20,84,24,,17.54,0.23,11.32,0.15,10.69,11.87,0.45,0.19,0.16,,44,320,300,160,,,,,,,,,,,,,7.2,,,,,,,
44,15230,71.0,46.40,1.35,22,82,28,,17.14,0.23,11.53,0.16,10.47,11.88,0.41,0.19,0.15,,42,315,290,155,,,,,,,,,,,,,6.8,,,,,,,
45,15240,45.0,,,24.7,,27.2,71.8,39.,27,274,14,9.3,1.2,3.,,1.2,,39.6,270,274,140,9.34,1.25,3.84,0.96,,45,11.65,1.43,2.43,15.6,3.56,1.61,9.23,1.26,,,,,,
46,15250,75.0,47.02,1.49,24,85,40,,16.28,0.30,12.00,0.16,10.31,11.25,0.54,0.22,0.24,,46,405,340,160,,,,,,,,,,,,,11,,,,,,,
47,15260,77.0,,1.40,,81,,,16.1,0.36,12.09,0.16,,11.89,0.45,,,,42,250,260,136,,,,,,,,,,,,,,,,,,,,
48,15270,63.0,46.70,1.47,,80,,,16.51,0.38,12.15,0.16,10.55,11.29,0.43,0.21,0.21,0.08,40,231,265,137,,,,,,,,,,,,,,,,,,,,
49,15290,63.0,47.21,1.44,24,103,42,,16.40,0.29,11.75,0.17,10.25,11.47,0.53,0.21,0.25,,46,300,350,160,,,,,,,,,,,,,12,,,,,,,
50,15300,48.0,49.91,1.17,,97,,,14.53,23,14.05,0.19,12.12,10.70,0.35,0.16,0.15,0.04,51,234,190,110,,,,,,,,,,,,,,,,,,,,
51,15310,,,,,,,,,,,,,,,,,,,,,,,,,,,,,,,,,,,,,,,,,
52,15400,5.6,45.35,0.40,,,19.40,51.0,7.52,0.44,20.1,0.22,17.08,8.42,0.13,,0.9,,,,,,,,,,,,31.91,1.003,,12.50,,,6.41,0.952,,,,,,
53,15410,43.0,,1.09,23,103,18,51,15.08,0.37,13.36,0.18,11.74,10.91,0.36,0.16,0.17,,43,,180,,6.4,0.75,3.0,0.9,,,8.4,1.0,1.5,,,,5.9,0.90,,,,,,
54,15420,,45.18,1.14,0.07,,10.2,28.0,15.06,0.04,13.72,0.18,12.14,11.11,0.36,0.11,0.09,,,,121,,2.68,,1.49,,,15.0,4.3,0.71,0.87,5.7,1.39,0.59,3.57,0.55,,,,,,
55,15430,39.0,46.80,1.325,24.5,57.5,33.5,,16.35,0.30,11.87,0.17,10.89,11.23,0.49,0.26,0.24,,42,209.5,383.5,123,,,,,,,,,,,,,12,,,,,,,
56,15470,34.0,46.10,1.58,,128,,,12.91,0.47,16.24,0.21,11.11,10.42,0.32,0.12,0.12,0.07,46,179,165,115,,,,,,,,,,,,,,,,,,,,
57,15500,51.0,,1.81,,129,,,12.20,0.49,16.72,0.22,10.80,10.25,0.37,0.16,0.17,0.07,50,224,220,,,,,,,,,,,,,,,,,,,,,
58,15510,,,1.90,,131,,,12.40,0.45,17.40,0.22,12.00,10.00,0.37,0.14,,,47,197,210,115,,,,,,,,,,,,,,,,,,,,
59,15530,27.0,46.42,2.169,36,182,,,9.86,0.56,20.7,0.25,11.34,9.38,0.31,0.87,,,50,,,,4.4,,1.8,,,,,,,,,,,,,,,,,
60,15600,29.0,45.05,1.98,35.1,200,11.3,29,10.20,0.56,19.79,0.26,10.89,9.87,0.29,0.10,0.11,0.06,48.9,,135,,4.9,0.60,1.52,0.46,,,6.3,1.01,1.33,9.7,1.0,,5.2,0.9,170,,,,,
61,60050,57.0,44.8,0.44,7.83,19,10.06,21.0,28.5,25,4.5,0.04,5.05,16.2,00.46,0.14,0.5,,21.3,250,108,165,3.89,0.526,1.76,0.46,,,4.88,1.119,1.04,,,,3.42,0.501,,,,,,
62,60500,80.0,45.63,0.59,8.8,14,10,,27.14,72,5.44,0.70,5.52,15.44,00.40,0.114,0.14,,37,720,143,121,,,,,,,,,,,,,,,,,,,,
63,60600,85.0,45.35,0.60,9.22,,12.52,32.6,26.75,,5.49,0.07,6.27,15.46,00.38,0.11,0.13,0.07,31.4,,,,4.6,,,,,21.1,3.9,1.13,1.22,8.02,,,3.99,0.58,,,,,,
64,61140,56.0,45.20,0.58,9.5,20,,,26.40,0.13,5.29,0.70,6.10,15.32,00.52,0.14,0.12,,,310,120,165,,,,,,,,,,,,,2.6,,,,,,,
65,61160,82.0,,0.58,9.4,,11.9,32,26.26,0.98,5.25,0.65,6.35,16.23,00.43,0.10,0.5,,22.2,305,,,4.2,0.6,1.8,,,,5.6,1.20,1.27,,,,3.9,0.56,,,,,,
66,61180,82.0,,0.66,9.26,21,12.43,33.9,27.10,0.12,5.47,18,5.78,15.56,00.51,0.25,0.18,,31.5,435,139,180,4.69,0.654,2.09,0.54,,,5.92,1.185,1.28,,,,4.17,0.593,,,,,,
67,61220,9.2,,0.49,7.0,,9.1,22.7,28.25,,4.55,0.06,5.02,16.21,00.42,0.09,0.10,0.06,17.0,,,,3.0,,,,,14.5,4.35,1.28,0.90,5.76,1.1,,3.01,0.44,,,,,,
68,61240,47.0,,0.57,9.1,18,11.8,30,27.15,,5.33,0.07,5.75,15.69,00.55,0.10,0.13,0.07,22.8,,130,,3.3,0.4,1.8,0.55,,,5.0,1.10,1.1,5.6,,,3.8,0.50,,,,,,
69,61280,69.0,44.65,0.54,11.5,27,,,27.12,44,5.07,0.6,,16.00,00.45,0.13,,,26,440,115,135,,,,,,,,,,,,,3.3,,,,,,,
70,61500,53.0,44.66,0.56,10.0,,12.1,36,26.50,,5.31,0.07,6.08,15.33,00.41,0.11,0.11,0.08,35,,160,,4.3,0.56,2.2,,,,,1.22,1.2,9.1,,,4.2,0.69,,,,,,
71,62230,91.0,,,9.28,22,11.00,29.7,26.5,48,5.60,16,6.4,14.5,00.44,,731,566,35.3,485,129,165,4.17,0.527,1.98,0.48,,,5.29,1.129,1.13,,,,3.70,0.518,,,,,,
72,62240,100.,44.65,0.56,9.7,21,12.0,32,27.00,,5.49,0.7,5.84,15.95,00.44,0.13,0.10,,25.1,,130,,3.2,0.5,1.9,0.54,,,5.4,1.07,1.1,6.5,,,3.6,0.49,,,,,,
73,62280,76.0,,0.60,8.9,16,10.6,26,26.70,0.11,5.50,0.67,6.6,15.90,00.47,0.12,0.4,,19.7,,120,,2.8,0.4,1.6,0.55,,,4.6,1.15,1.00,5.4,,,3.3,0.44,,,,,,
74,63320,47.0,,0.35,8.2,15,9.3,24,28.93,0.94,4.67,0.68,6.96,15.67,00.57,0.77,0.4,,19.8,,130,,3.3,0.5,1.3,0.44,,,4.1,1.21,0.78,5.9,,,3.1,0.45,,,,,,
75,63340,54.0,,0.60,,,,,29.00,0.95,4.53,0.67,7.30,12.45,00.56,0.15,,,,,,,,,,398,,,,,,,,,,,,,,,,
76,63500,46.0,,0.53,7.43,,0.99,20,27.72,,4.72,0.70,5.25,15.87,00.46,0.9,0.10,,6.19,,,190,0.56,0.03,,,,,0.45,1.06,0.13,0.94,,,0.68,0.10,,,,,,
77,64420,83.0,44.88,0.55,7.9,,12.3,35,27.60,,5.03,0.06,5.35,15.81,00.39,0.10,0.13,0.07,25.0,,115,,4.0,0.50,,,,,5.7,1.14,1.1,6.8,1.6,,4.0,0.57,,,,,,
78,64500,61.0,,0.53,10.4,,11.7,30.3,27.4,29,4.16,,4.27,16.6,00.47,0.11,0.5,,21.0,290.0,,,4.7,,,,,20.3,5.48,1.18,1.18,7.3,1.5,,3.74,0.54,,,,,,
79,64800,71.0,44.90,0.47,5.6,28,12.8,37.1,27.70,0.11,5.01,,5.69,15.70,00.51,0.22,0.16,,27,,175,,3.50,,2.17,0.61,,16.7,4.95,0.99,1.01,6.25,1.44,0.66,4.00,0.62,,,,,,
80,64810,54.0,44.6,0.49,9.27,21,14.21,38.3,26.9,0.11,5.59,0.40,5.50,15.5,00.50,0.19,0.6,,35.5,465,159,165,5.67,0.758,2.68,0.70,,,6.82,1.185,1.44,,,,4.83,0.684,,,,,,
81,65500,38.0,45.50,0.70,,,,,26.07,29,5.96,0.79,6.28,14.97,00.44,0.15,0.16,,,290,175,162,,,,,,,,,,,,,,,,,,,,
82,65510,55,,,10.59,24,15.90,42.7,25.3,37,5.82,16,6.7,14.2,00.47,,847,61,26.3,370,172,165,6.15,0.834,2.84,0.74,,,7.56,1.233,1.59,,,,5.35,0.751,,,,,847,610
83,65700,106.,45.03,0.64,10.11,,14.7,38.3,26.47,51,5.87,0.08,6.02,15.29,00.41,0.12,0.13,0.09,31.7,510.0,,,5.4,,,,,25.4,7.01,1.27,1.46,9.6,,,5.05,0.71,,,,,,
84,65900,99.0,,0.61,11,25,15.1,37,26.5,0.11,5.8,0.07,6.2,15.0,00.47,0.11,0.7,,30,,140,,4.7,0.62,2.5,0.80,,26,6.7,1.22,1.4,8.2,,,4.9,0.70,,,,,,
85,66030,102.,,,9.95,22,13.65,36.8,26.7,48,5.80,15,6.8,14.6,00.44,,777,58,34.2,480,144,155,5.01,0.685,2.49,0.70,,,6.50,1.192,1.37,,,,4.55,0.642,,,,,777,582
86,66040,90.0,45.07,0.64,10,22,,,26.39,33,6.08,0.08,6.14,15.29,00.38,0.12,0.15,0.09,21,330,120,145,,,,,,,,,,,,,3.6,,,,,,,
87,66080,80.0,45.38,0.67,10,19,,,26.22,34,5.85,0.08,6.39,15.28,00.39,0.13,0.13,0.09,21,348,130,210,,,,,,,,,,,,,4.2,,,,,,,
88,67460,25.0,44.77,0.37,7.8,17,6.7,18,28.99,,4.35,0.07,4.20,16.85,00.44,0.06,0.05,,13.0,,90,,1.8,0.3,1.0,,,,3.0,1.10,0.59,3.6,,,2.1,0.28,,,,,,
89,67480,31.0,,0.41,7.1,14,7.3,18,29.01,,4.66,0.06,4.20,16.54,00.42,0.06,0.13,0.03,14.9,,90,,1.9,0.3,1.1,0.49,,,3.3,1.16,0.66,3.9,,,2.4,0.32,,,,,,
90,67510,8.8,,,8.18,20,3.42,9.24,28.6,55,4.10,15,4.0,15.7,00.39,,500,49,7.18,55,45,155,1.24,0.192,0.51,0.158,,,1.71,0.968,0.39,,,,1.34,0.191,,,,,500,493
91,67600,45.0,,0.42,6.6,,6.7,16.5,28.93,18,4.09,0.06,4.75,16.40,00.44,0.07,0.06,0.04,14.4,180.0,,,1.99,,,,,11.1,3.10,1.29,0.62,4.3,0.86,,2.28,0.33,,,,,,
92,67700,39,,0.44,6.9,27,7.3,18,28.48,,4.17,0.06,4.92,16.87,00.52,0.07,0.08,,14.9,,90,,1.9,0.3,1.1,0.49,,,3.3,1.15,0.66,2.4,,,,0.32,,,,,,
93,67960,20.0,,,7.76,,10.14,27.6,16.,21,4.56,17,3.7,16.1,00.52,,624,,16.2,215,127,175,3.77,0.532,1.88,0.51,,,4.77,1.238,1.04,,,,3.53,0.519,,,,,,
94,68120,61.0,,0.6,9.8,,13.1,33.0,27.6,,5.2,,6.0,17.5,02.,,0.7,,30.0,,140,,4.4,0.5,2.5,,,25,6.6,1.3,1.3,,,,4.5,0.7,,,,,,
95,68500,85.0,,0.58,9.2,,13.6,35.5,26.65,56,5.48,0.07,6.28,15.35,00.47,0.11,0.12,0.08,34.7,560,,,4.5,0.8,2.4,,,,6.2,1.20,1.28,,,,4.4,0.62,,,,,,
96,68820,84.0,44.5,0.5,9.8,,13.3,33.2,26.2,,5.4,0.12,6.13,15.3,00.48,0.16,0.7,,28.5,,160,,4.4,0.5,2.5,,,26,6.7,1.2,1.2,,,,4.9,0.7,,,,,,
97,68840,70.0,45.08,0.59,9.2,14,14,,26.49,68,5.65,0.07,6.27,15.30,00.41,0.11,0.12,0.08,34,680,120,113,,,,,,,,,,,,,3.8,,,,,,,
98,69920,90.0,45.20,0.59,10,19,,,26.20,0.14,5.54,0.07,6.35,15.35,00.53,0.14,0.12,,21,348,130,210,,,,,,,,,,,,,3.6,,,,,,,
99,69940,85.0,44.67,0.63,10.0,,14.2,37.0,26.30,0.13,5.76,0.07,6.35,15.57,00.42,0.14,0.12,,32.1,470.0,,,5.3,,,,,24.0,6.8,1.28,1.41,9.0,,,4.81,0.68,,,,,,
100,69960,92.0,44.76,0.60,11.8,29,,,26.35,0.13,5.76,0.07,6.33,15.55,00.41,0.14,0.12,,47,600,140,135,,,,,,,,,,,,,3.7,,,,,,,
101,70011,54.0,41.03,8.30,53.1,,8.03,23.5,11.98,0.41,16.24,0.23,10.08,11.08,0.31,0.08,0.10,,31.6,,102,,6.5,1.2,,0.24,,,8.0,1.67,1.9,12.5,2.8,,7.04,1.02,,,,,,
102,70160,,40.34,8.99,,,,,11.60,0.46,17.01,0.23,9.79,10.98,0.32,0.08,0.08,0.12,,161,,168,,,,,,,,,,,,,,,,,,,,
103,70180,47.0,40.87,8.11,,,8.09,24.8,12.30,0.44,16.37,0.24,9.82,11.05,0.35,0.08,0.06,0.11,,191,98.3,170,,,,0.28,,,8.05,1.66,,13.2,,,7.02,,,,,,,
104,70250,43.0,,,,,,,,,,,,,,,,,,,,,,,,,,,,,,,,,,,,,,,,
105,70270,56.0,,,,,,,,,,,,,,,,,,,,,,,,,,,,,,,,,,,,,,,,
106,70311,39.0,,,,,,,,,,,,,,,,,,,,,,,,,,,,,,,,,,,,,,,,
107,70320,42.0,,,,,,,,,,,,,,,,,,,,,,,,,,,,,,,,,,,,,,,,
108,71040,29.0,39.74,9.57,,,,,10.80,0.47,17.73,0.24,9.72,10.72,0.35,0.08,0.07,0.13,,117,,165,,,,,,,,,,,,,,,,,,,,
109,71060,29.0,40.09,9.32,70.3,,,,10.70,0.49,17.85,0.24,9.92,10.59,0.36,0.08,0.07,0.13,26.3,50,,,7.4,1.6,0.6,,,,,,,,,,,,,,,,,
110,71130,33.0,,,,,,,,,,,,,0.,,625,,,,,,,,0.67,0.23,625,,,,,,,,,,,,,,,
111,71150,34.0,,,,,,,,,,,,,0.,,,,,,,,,,0.67,0.23,,,,,,,,,,,,,,,,
112,71500,35.0,39.82,9.52,73.0,,,,11.13,0.46,17.41,0.25,9.51,10.85,0.32,0.07,0.06,0.12,33.1,90,,,7.1,1.9,0.4,,,,,,,,,,,,,,,,,
113,72130,60.0,,,,,,,,,,,,,,,,,,,,,,,,,,,,,,,,,,,,,,,,
114,72140,81.0,43.11,4.37,,,10.2,28.1,16.10,0.37,13.45,0.19,10.25,11.83,0.40,0.12,0.10,0.09,,271,,156,,,,,,20.7,6.70,1.35,,9.82,,,5.28,,,,,,,
115,72150,82.0,,,44.1,,,,38.,26,,,5.2,1.1,1.,,,,38.8,265,,,5.2,1.1,1.3,,,,,,,,,,,,,,,,,
116,72160,87.0,42.12,5.21,,,9.71,27.0,14.22,0.42,14.86,0.22,10.54,11.17,0.41,0.11,0.08,0.08,,273,,150,,,,0.41,,,6.94,1.42,,10.4,,,5.51,,,,,,,
117,72220,58.0,,,,,,,,,,,,,3.,,,,,,,,,,3.6±.4,0.89±.03,,,,,,,,,,,,,,,,
118,72240,64.0,,,,,,,,,,,,,3.,0.144,,,,,,,,,3.6±.5,0.94±.03,,,,,,,,,,,,,,,,
119,72260,59.0,,,,,,,,,,,,,,,,,,,,,,,,,,,,,,,,,,,,,,,,
120,72320,73.0,44.91,1.56,18,50,17.1,45,20.57,25,8.65,0.13,9.84,12.82,0.47,0.16,0.15,0.06,30,250,190,155,6.2,0.84,2.9,1.0,,30,8.3,1.31,1.7,11,,,6.1,0.85,,10,,,,
121,72430,63.0,,,,,,,,,,,,,,,,,,,,,,,,,,,,,,,,,,,,,,,,
122,72440,68.0,45.03,1.55,18,50,17.8,46,20.51,0.22,8.85,0.13,9.89,12.83,0.46,0.17,0.17,0.07,30,270,190,150,6.1,0.86,2.8,1.0,,30,8.3,1.31,1.7,10,,,6.0,0.86,200,9,,,,
123,72460,71.0,44.48,1.50,18,50,17.6,45,20.87,0.21,8.58,0.12,9.69,12.97,0.47,0.17,0.16,0.06,30,230,190,145,6.0,0.80,2.8,1.0,,28,8.2,1.32,1.6,10,,,6.0,0.86,180,12,,,,
124,72500,81.0,45.12,1.56,18,45,18.0,47,20.64,0.23,8.77,0.11,10.08,12.86,0.40,0.16,0.13,0.09,31,250,190,145,6.1,0.84,2.9,1.0,,30,8.2,1.33,1.7,11,,,6.0,0.87,220,8,,,,
125,72700,61.0,45.12,1.56,18,45,18.0,47,20.64,0.23,8.77,0.11,10.08,12.86,0.40,0.16,0.13,0.09,31,250,190,145,6.1,0.84,2.9,1.0,,30,8.2,1.33,1.7,11,,,6.0,0.87,220,8,,,,
126,73120,78.0,45.56,1.39,17,50,15.6,39,21.23,0.26,8.45,0.11,9.73,12.82,0.39,0.17,0.15,0.09,31,280,150,,5.0,0.78,2.4,0.7,,27,7.2,1.20,1.4,10,,,5.3,0.77,200,11,,,,
127,73130,16.0,,,15,,,,11,,,,,,2.,0.1397,,,119,,,,,,2.24,0.63,,,,,,,,,,,,,,,,
128,73140,48.0,45.12,1.56,18,45,18.0,47,20.64,0.23,8.77,0.11,10.08,12.86,0.40,0.16,0.13,0.09,31,250,190,145,6.1,0.84,2.9,1.0,,30,8.2,1.33,1.7,11,,,6.0,0.87,220,8,,,,
129,73150,68.0,,,,,,,,,,,,,,,,,,,,,,,,,,,,,,,,,,,,,,,,
130,73210,39.0,,,,,,,,,,,,,,,,,,,,,,,,,,,,,,,,,,,,,,,,
131,73220,43.0,45.20,1.86,15,40,10,,21.03,0.27,8.85,0.11,8.97,12.86,0.41,0.16,0.15,,49,250,190,146,,,,,,,,,,,,,4.6,,,,,,,
132,73240,18.0,44.55,1.73,15,46,10,,20.20,0.25,8.45,0.11,11011,12.90,0.46,0.16,0.15,,37,320,160,127,,,,,,,,,,,,,4.6,,,,,,,
133,73260,45.0,44.71,1.90,17,46,10,,19.69,0.24,8.86,0.11,10.95,12.90,0.40,0.16,0.14,,46,450,160,127,,,,,,,,,,,,,5.6,,,,,,,
134,73280,34.0,45.31,1.76,15,42,10,,20.23,0.27,8.82,0.11,9.95,12.10,0.41,0.16,0.14,,46,380,160,117,,,,,,,,,,,,,4.8,,,,,,,
135,74110,31.0,,,,,,,,,,,,,,,,,,,,,,,,,,,,,,,,,,,,,,,,
136,74120,88.0,44.51,2.56,,,,39.0,19.36,0.26,10.24,0.13,9.93,12.44,0.40,0.134,0.136,0.08,,,167,150,,,,,,25.6,7.55,1.33,,10.4,,,5.79,0.895,,,,,,
137,74220,1.0,38.57,8.81,,,6.25,19.0,6.32,0.75,22.04,0.30,14.44,7.68,0.36,0.09,0.04,0.07,,83,76.4,209,,,,0.16,,17.8,6.53,1.80,,9.40,,,4.43,0.61,,,,,,
138,74240,5.1,40.78,8.61,,,9.95,28.8,12.54,0.41,15.84,0.24,9.15,11.36,0.38,0.12,0.09,0.14,,80,112,163,,,,0.37,,24.0,8.55,1.60,,13.7,,,7.45,,,,,,,
139,74260,5.0,41.22,7.68,56.3,,,,13.25,0.41,15.31,0.23,9.47,11.37,0.38,0.12,0.09,0.12,49.2,160,,,6.7,1.1,0.7,,,,,,,,,,,,,,,,,
140,75060,33.0,39.32,10.31,,,7.07,23.6,10.42,0.48,18.19,0.25,9.53,10.72,0.33,0.08,0.06,0.13,,115,89.5,166,,,,0.21,,23.1,9.09,1.77,,15.5,,,8.36,,,,,,,
141,75080,40.0,40.27,9.41,61,100,7.2,30,11.31,0.46,17.20,0.25,9.59,10.97,0.33,0.08,0.07,0.12,27,100,100,160,7.0,1.3,0.6,,,25,7.6,1.70,2.0,12,,,7.3,1.0,230,5,,,,
142,75110,54.0,,,,,,,,,,,,,,,,,,,,,,,,,,,,,,,,,,,,,,,,
143,75120,67.0,,,,,,,,,,,,,,,,,,,,,,,,,,,,,,,,,,,,,,,,
144,76030,64.0,,,,,,,,,,,,,,,,,,,,,,,,,,,,,,,,,,,,,,,,
145,76120,71.0,,,,,,,,,,,,,,,,,,,,,,,,,,,,,,,,,,,,,,,,
146,76130,70.0,,,,,,,,,,,,,,,,,,,,,,,,,,,,,,,,,,,,,,,,
147,76220,66.0,,,,,,,,,,,,,,,,,,,,,,,,,,,,,,,,,,,,,,,,
148,76240,56.0,,3.31,31,,,34,17.85,,10.92,0.16,11.05,11.97,0.43,0.12,0.09,0.07,37,,,,6.7,0.88,2.7,,,,,1.6,1.8,,,,4.8,,,,,,,
149,76260,58.0,43.64,3.38,30,,,,17.96,0.28,10.93,0.16,10.75,12.11,0.43,0.12,0.11,0.07,32,,,,5.6,,,,,,,1.5,,,,,,,,,,,,
150,76280,45.0,,3.83,,,,,17.80,0.29,11.26,0.16,10.55,12.18,0.43,0.11,0.09,0.07,,169,,150,,,,,,,,,,,,,,,,,,,,
151,76320,93.0,44.08,3.00,,,,,18.41,0.26,10.53,0.15,10.82,12.23,0.46,0.13,0.09,0.07,,210,,151,,,,,,,,,,,,,,,,,,,,
152,76500,58.0,43.41,3.15,,,8.95,24.3,18.63,0.26,10.32,0.14,11.08,12.28,0.35,0.10,0.08,,,203,,151,,,,0.44,,17.4,5.55,1.25,,8.18,,,4.53,,,,,,,
153,77510,80.0,,,,,,,,23,,15,,,,,,,,231,,153,,,,,,,,,,,,,,,,,,,,
154,77530,79.0,43.07,3.91,,,9.96,26.7,17.16,0.3,11.70,0.17,10.19,11.93,0.44,0.11,0.08,0.08,,,123,155,,,,,,19.4,6.47,1.35,,9.55,,,5.26,,,,,,,
155,78120,68.0,,,,,,25.2,1,,113,15,9,,,,0.8,,,,113,154,,,,,,19.2,6.26,1.39,,9.84,,,5.27,0.830,,,,,,
156,78220,93.0,,3.84,,68,,,17.13,0.32,11.68,0.15,10.55,11.79,0.37,0.092,0.080,0.08,34,221,109,147,,,,,,,,,,,,,,,,,,,,
157,78230,81.0,,,,,,,,,,,,,,,,,,,,,,,,,,,,,,,,,,,,,,,,
158,78250,,,,,,,,,,,,,,,,,,,,,,,,,,,,,,,,,,,,,,,,,
159,78420,,,2.3,37,,,25,9.2,,9.5,0.12,7.1,8.4,0.32,,4,42.,36,,,,5.1,0.79,1.3,,,,1.4,,1.6,,,,5.4,,,,,,,
160,78440,77.0,,1.9,,,24.2,18.6,9.1,,9.6,0.13,6.6,7.9,0.36,,0.8,42.,,,113,149,,,,,,6.08,1.35,,9.18,,,,5.17,0.806,,,,42.0,,
161,78460,83.0,,2.1,,,,23.2,8.5,,10.0,0.12,6.7,7.9,0.30,,0.7,41.,,,109,149,,,,,,17.6,5.88,1.31,,8.88,,,4.88,0.78,,,,41.9,,
162,78480,,,1.8,36,,,24,9.0,,9.3,0.12,6.8,7.6,0.29,,4,41.,38,,,,5.6,0.68,1.6,,,,,1.4,1.7,,,,5.3,,,,,41.9,,
163,78500,36.0,,5.47,,,8.29,23.3,15.73,0.37,13.15,0.18,9.91,11.77,0.35,0.09,0.05,0.10,,194,,154,,,,0.36,,18.4,6.36,1.37,,10.2,,,5.54,,,,,,,
164,79120,57.0,,,,,,,,,,,,,,,,,,,,,,,,,,,,,,,,,,,,,,,,
165,79220,81.0,41.67,6.52,,,7.46,25.6,13.57,0.42,15.37,0.21,10.22,11.18,0.34,0.09,0.06,0.12,,,,,,,,,,,6.90,1.44,1.78,,,,6.70,0.94,,,,,,
166,79240,51.0,41.73,6.79,56,81,10,,13.9,0.46,15.64,0.20,9.90,11.08,0.39,0.90,0.890,,,275,117,147,,,,,,,,,,,,,6.4,,,,,,,
167,79260,43.0,42.26,6.09,,,8.31,22.2,14.43,0.40,14.60,0.20,9.82,11.48,0.35,0.11,0.07,0.12,,177,,154,,,,0.32,,17.8,6.18,1.39,,10.0,,,5.53,0.71,,,,,,
168,79510,61.0,41.69,6.13,50,85,8.7,29,13.79,0.43,15.11,0.27,10.31,10.73,0.2,0.18,0.06,,37,170,100,,5.6,0.99,,,,21,7.3,1.52,65,10,,,5.7,0.86,150,8,,,,
