,Samples,x,y,Maturidade,SiO2,TiO2,Sc,V,La,Ce,Al2O3,Cr2O3,FeO,MnO,MgO,CaO,Na2O,K2O,P2O5,S,Co,Ni,Ba,Sr,Hf,Ta,Th,U,K,Nd,Sm,Eu,Tb,Dy,Ho,Tm,Yb,Lu,Zr,Ir,Au,O,Cr,Mn
0,10002,"711775,1317","20448,1830000002",,42.16,7.75,60.2,70.0,15.8,43,13.6,0.3,15.34,0.2,7.76,11.94,0.47,,0.05,0.12,28.0,200.0,170.0,160.0,9.0,1.25,1.90,0.5,,37,11.4,1.60,2.9,17,4.1,,10.0,1.39,,,,,,
1,10010,"711774,8525","20444,6236999999",75.0,41.5,7.58,61.0,47.0,14.9,46,13.21,0.3,15.83,0.24,9.7,12.05,0.44,0.14,0.11,,29.0,197.0,205.0,2.5,,1.6,1.5,,,,12.1,1.66,7.82,,,,9.91,1.46,,,,,,
2,10011,"711777,7837","20433,8761",69.0,41.5,7.58,61.0,47.0,14.9,46,13.21,0.3,15.83,0.24,9.7,12.05,0.44,0.14,0.11,,29.0,197.0,205.0,2.5,,1.6,1.5,,,,12.1,1.66,7.82,,,,9.91,1.46,,,,,,
3,10084,"711775,1317","20448,1830000002",78.0,41.0,7.3,61.7,,16.9,47.3,12.8,0.3,16.2,0.22,9.2,12.4,0.38,0.15,1.6,,26.8,200.0,168.0,,,1.4,,,,41,13.66,1.74,,21.0,4.34.6,,11.35,1.69,,,,,,
4,10085,"711775,1317","20448,1830000002",75.0,,,,,,,,,,,,,0.0,,,,,,,,,,,,,,,,,,,,,,,,,,,
5,10086,"711775,1317","20448,1830000002",,,,,,,,,,,,,,0.0,,,,,,,,,,,,,,,,,,,,,,,,,,,
6,10087,"711775,0619","20448,1830000002",,,,,,,,,,,,,,0.0,,,,,,,,,,,,,,,,,,,,,,,,,,,
7,12001,"-710227,584206135","-91345,6215472229",56.0,46.0,2.8,40.2,110.0,35.6,85,12.5,0.41,17.2,0.22,10.4,10.9,0.48,0.26,1.8,,42.5,190.0,430.0,140.0,11.8,1.5,5.4,,,57,17.3,1.85,3.7,22.0,5.0,1.8,13.0,1.85,,,,,,
8,12023,"-710575,488639481","-91593,228762099",60.0,,2.8,35.7,,33,88,13.9,22.0,15.4,10.0,11.0,11.23,6.0,,2.5,1.0,42.0,220.0,423.0,,11.6,1.5,6.3,1.7,,62,15.5,1.8,3.4,,,,12.4,1.74,,,,,2.5,1.5
9,12024,"-710575,488639481","-91593,228762099",30.0,,,,,,,,,,,,,0.0,,,,,,,,,,,,,,,,,,,,,,,,,,,
10,12029,"-710104,126280888","-91450,3138678326",,,,,,,,,,,,,,0.0,,,,,,,,,,,,,,,,,,,,,,,,,,,
11,12030,"-710290,547748011","-91327,3744658713",14.0,46.6,3.6,,,,,14.2,0.35,15.4,0.22,9.7,10.4,0.43,0.24,,,,,,,,,,,,,,,,,,,,,,,,,,
12,12032,"-710473,018561526","-91539,4011066911",12.0,,2.9,,,,117,15.2,0.26,14.1,0.2,9.4,10.7,0.59,0.36,2.2,,,,529.0,,,,,,,73.0,20.7,2.12,,28.0,,,15.2,2.24,,,,,,
13,12033,"-710375,733716432","-91321,69540131",14.6,48.2,2.33,,,48.5±0.6,127.0±2,15.1,0.37,12.9,0.18,8.43,10.6,0.87,0.54,0.55,,,,,,,,,,,90.0±20,21.5±0.2,2.31±0.02,4.6±0.2,31.8±0.2,6.1±0.3,,17.4±0.5,2.43±0.03,,,,,,
14,12037,"-710481,907532144","-91545,0801712525",21.0,44.8,3.5,,160.0,51.3,136,15.1,0.36,14.9,0.25,10.2,10.5,0.65,0.38,2.4,,,,,,,,,,,80,23.5,1.96,4.6,28.0,7.9,2.6,17.8,2.43,,,,,,
15,12041,"-710365,11633486","-91581,6237171257",63.0,46.8,2.7,,,,,15.4,0.23,14.2,0.2,9.1,10.9,0.43,0.25,,,,,,,,,,,,,,,,,,,,,,,,,,
16,12042,"-710272,522890925","-91529,5244726713",61.0,45.7,2.71,,,36.8,111,13.0,0.39,16.2,0.24,10.4,10.6,0.54,0.25,0.33,,,,,,,,,,,79,19.7,2.03,3.87,25.8,4.46,,13.8,2.09,,,,,,
17,12044,"-710155,978609491","-91530,0676875425",57.0,46.7,3.6,37.9,,33.1,94,14.6,0.28,14.2,0.21,9.5,10.6,0.43,0.24,2590.0,,45.5,,380.0,,12.9,1.9,7.4,,,63,20.16.27,2.121.69,3.79,,4.2,,12.9,1.81,,,,,,
18,12060,"-710096,224973672","-91448,0916251782",24.0,45.3,4.2,,,,,12.6,0.23,16.9,0.27,9.6,10.5,0.38,0.25,0.26,0.07,,,,,,,,,,,,,,,,,,,,,,,,
19,12070,"-710226,604258853","-91343,4724630341",47.0,45.7,2.78,,,34.9±0.5,86.3±103,13.0,0.42,16.4,0.23,10.5,10.4,0.48,0.23,0.32,,,,,,,,,,,57.0±0.9,18.1±0.3,1.79±0.04,3.7±0.1,24.3±3,4.90±0.05,,12.9±0.4,1.9±0.03,,,,,,
20,14003,"-529796,524995393","-110532,334600777",66.0,48.08,1.77,27.0,58.0,75,,17.59,0.26,10.45,0.14,9.27,11.12,0.65,0.54,0.58,,308.0,430.0,1000.0,135.0,,,,,,,,,,,,,27,,,,,,,
21,14141,"-528467,404185674","-110093,196738592",5.7,,0.98,21.5,,71.4,200,8.75,,7.9,,25.0,5.7,15.0,,3.3,,31.0,,900.0,,25.0,5.7,15.3,,,104,34.7,2.82,7.4,,,,23.8,3.35,,,,,,
22,14148,"-529557,466994355","-110574,727552961",74.0,48.5,1.71,21.0,44.0,64.3,176,17.38,,10.55,0.13,9.66,10.4,0.71,0.53,0.5,0.19,34.4,,,,25.7,4.7,13.8,,,98,31.5,2.68,6.6,,,,21.7,3.18,,,,,,
23,14149,"-529557,466994355","-110574,727552961",53.0,48.0,1.61,21.5,,65.1,177,17.45,0.19,9.95,0.14,9.54,10.54,0.75,0.58,0.48,,40.0,,,,23.0,4.8,13.6,,,100,31.6,2.76,6.7,,,,21.7,3.08,,,,,,
24,14156,"-529557,466994355","-110574,727552961",68.0,48.1,1.71,20.9,36.0,65.1,175,17.15,0.19,10.55,0.14,9.55,10.16,0.72,0.53,0.49,,36.2,,,,23.2,4.8,13.8,,,,314,2.66,6.6,,,,21.5,3.05,,,,,,
25,14163,"-529801,129075413","-110528,793000761",57.0,47.97,1.77,25.0,57.0,79,,17.57,0.26,10.41,0.14,9.18,11.15,0.68,0.58,0.52,,36.0,400.0,1100.0,140.0,,,,,,,,,,,,,28,,,,,,,
26,14240,"-529557,466994355","-110574,727552961",46.0,47.77,1.67,28.0,52.0,67,,17.99,0.23,10.02,0.14,9.47,11.25,0.7,0.54,0.55,,33.0,320.0,1170.0,390.0,,,,,,,,,,,,,23,,,,,,,
27,14259,"-529910,816180082","-110497,025252939",85.0,48.16,1.73,28.0,62.0,77,,17.6,0.26,10.41,0.14,9.26,11.25,0.61,0.51,0.53,,38.0,440.0,1100.0,150.0,,,,,,,,,,,,,30,,,,,,,
28,14260,"-529910,816180082","-110497,025252939",72.0,47.11,1.87,22.8,,66.5,172,16.97,45.0,11.08,0.17,9.42,10.95,0.68,0.49,0.47,0.12,38.1,450.0,,,23.8,3.8,12.1,,,,28.9,2.40,8.3,,,,21.7,3.06,,,,,164.0,
29,15012,"109929,8946","787539,8693",66.0,46.77,1.46,28.0,114.0,,,16.75,0.3,12.4,0.17,10.35,10.95,0.45,0.21,0.22,,40.0,,,,9.9,,4.9,,,,,,,,,,,,,,,,,
30,15013,"108377,1779","792360,1522",77.0,46.94,1.72,,,,,14.46,0.35,14.98,0.21,10.35,10.38,0.44,0.22,0.22,,,,,,,,,,,,,,,,,,,,,,,,,
31,15014,"108472,2364","792311,8396",,,,,,,,,,,,,,,,,,,,,,,,,,,,,,,,,,,,,,,,,
32,15020,"108454,8194","792311,4884",70.0,46.56,1.75,28.0,114.0,26,73,13.73,,15.21,0.2,10.37,10.54,0.41,0.2,0.18,0.06,40.0,,320.0,,9.9,1.2,4.9,1.5,,,12.9,1.4,2.3,,,,9.5,1.3,350.0,,,,,
33,15030,"108377,1779","792360,1522",68.0,,1.7,28.0,120.0,27,75,14.1,0.39,270.0,0.19,12.0,10.2,0.45,0.23,320.0,,42.0,,270.0,,9.5,1.1,4.8,1.6,,,12.9,1.3,2.4,,,,8.7,1.3,320.0,,,,,
34,15040,"108377,1779","792360,1522",94.0,,1.7,26.0,170.0,26,68,14.2,0.36,14.3,0.18,11.0,10.6,0.43,0.21,350.0,,41.0,,250.0,,9.1,1.1,4.8,1.6,,,12.7,1.3,2.2,,,,8.1,1.2,350.0,,,,,
35,15070,"107887,7013","789165,7942",52.0,46.95,1.6,,,,,12.7,0.46,16.29,0.21,10.75,10.49,0.33,0.092,0.13,0.07,46.1,170.0,,,,,,,,,,,,,,,,,,,,,,
36,15080,"107927,155","789155,9688",68.0,48.13,1.501,,116.0,,,13.85,0.44,16.21,0.2,11.14,11.19,0.36,0.15,,,46.0,209.0,185.0,120.0,,,,,,,,,,,,,,,,,,,,
37,15090,"107326,6589","788561,4968",74.0,46.47,1.31,21.0,80.0,32,,17.47,0.24,11.57,0.17,10.5,11.77,0.41,0.18,0.16,,39.0,365.0,,155.0,,,,,,,,,,,,,7.7,,,,,,,
38,15100,"107334,7585","788571,3967",70.0,46.29,1.31,21.0,94.0,28,,17.7,0.22,11.53,0.16,10.55,11.54,0.41,0.19,0.16,,44.0,295.0,350.0,170.0,,,,,,,,,,,,,9.4,,,,,,,
39,15200,"107328,5504","788564,0013",68.0,,,,,,,,,,,,,,,,,,,,,,,,,,,,,,,,,,,,,,,,
40,15210,"107328,6905","788564,0013",60.0,46.35,1.34,22.0,80.0,,,17.73,0.23,11.66,0.16,10.48,11.68,0.44,0.19,0.19,,40.0,325.0,315.0,150.0,,,,,,,,,,,,,7.7,,,,,,,
41,15220,"107328,6905","788564,0013",63.0,46.56,1.27,20.0,84.0,24,,17.54,0.23,11.32,0.15,10.69,11.87,0.45,0.19,0.16,,44.0,320.0,300.0,160.0,,,,,,,,,,,,,7.2,,,,,,,
42,15230,"107328,6905","788564,0013",71.0,46.4,1.35,22.0,82.0,28,,17.14,0.23,11.53,0.16,10.47,11.88,0.41,0.19,0.15,,42.0,315.0,290.0,155.0,,,,,,,,,,,,,6.8,,,,,,,
43,15240,"109953,1071","787514,6667",45.0,,,24.7,,27.2,71.8,39.0,27.0,274.0,14.0,9.3,1.2,3.0,,1.2,,39.6,270.0,274.0,140.0,9.34,1.25,3.84,0.96,,45,11.65,1.43,2.43,15.6,3.56,1.61,9.23,1.26,,,,,,
44,15250,"109954,1226","787512,9493",75.0,47.02,1.49,24.0,85.0,40,,16.28,0.3,12.0,0.16,10.31,11.25,0.54,0.22,0.24,,46.0,405.0,340.0,160.0,,,,,,,,,,,,,11,,,,,,,
45,15260,"109929,8946","787539,8693",77.0,,1.4,,81.0,,,16.1,0.36,12.09,0.16,,11.89,0.45,,,,42.0,250.0,260.0,136.0,,,,,,,,,,,,,,,,,,,,
46,15270,"109938,6657","787531,8185",63.0,46.7,1.47,,80.0,,,16.51,0.38,12.15,0.16,10.55,11.29,0.43,0.21,0.21,0.08,40.0,231.0,265.0,137.0,,,,,,,,,,,,,,,,,,,,
47,15290,"109934,0382","787514,4146",63.0,47.21,1.44,24.0,103.0,42,,16.4,0.29,11.75,0.17,10.25,11.47,0.53,0.21,0.25,,46.0,300.0,350.0,160.0,,,,,,,,,,,,,12,,,,,,,
48,15300,"109228,7141","788068,2411",48.0,49.91,1.17,,97.0,,,14.53,23.0,14.05,0.19,12.12,10.7,0.35,0.16,0.15,0.04,51.0,234.0,190.0,110.0,,,,,,,,,,,,,,,,,,,,
49,15310,"109228,7141","788068,2411",,,,,,,,,,,,,,,,,,,,,,,,,,,,,,,,,,,,,,,,,
50,15400,"109615,0305","787445,3158",5.6,45.35,0.4,,,19.40,51.0,7.52,0.44,20.1,0.22,17.08,8.42,0.13,,0.9,,,,,,,,,,,,31.91,1.003,,12.50,,,6.41,0.952,,,,,,
51,15410,"109191,6786","788092,0137",43.0,,1.09,23.0,103.0,18,51,15.08,0.37,13.36,0.18,11.74,10.91,0.36,0.16,0.17,,43.0,,180.0,,6.4,0.75,3.0,0.9,,,8.4,1.0,1.5,,,,5.9,0.90,,,,,,
52,15470,"109236,4375","788995,8446",34.0,46.1,1.58,,128.0,,,12.91,0.47,16.24,0.21,11.11,10.42,0.32,0.12,0.12,0.07,46.0,179.0,165.0,115.0,,,,,,,,,,,,,,,,,,,,
53,15500,"106890,3361","792274,3841",51.0,,1.81,,129.0,,,12.2,0.49,16.72,0.22,10.8,10.25,0.37,0.16,0.17,0.07,50.0,224.0,220.0,,,,,,,,,,,,,,,,,,,,,
54,15510,"106904,3487","792276,0698",,,1.9,,131.0,,,12.4,0.45,17.4,0.22,12.0,10.0,0.37,0.14,,,47.0,197.0,210.0,115.0,,,,,,,,,,,,,,,,,,,,
55,15530,"106525,5167","792284,2413",27.0,46.42,2.169,36.0,182.0,,,9.86,0.56,20.7,0.25,11.34,9.38,0.31,0.87,,,50.0,,,,4.4,,1.8,,,,,,,,,,,,,,,,,
56,15600,"106567,2853","792281,5048",29.0,45.05,1.98,35.1,200.0,11.3,29,10.2,0.56,19.79,0.26,10.89,9.87,0.29,0.1,0.11,0.06,48.9,,135.0,,4.9,0.6,1.52,0.46,,,6.3,1.01,1.33,9.7,1.0,,5.2,0.9,170.0,,,,,
57,60050,"469215,762323694","-272410,248965746",57.0,44.8,0.44,7.83,19.0,10.06,21.0,28.5,25.0,4.5,0.04,5.05,16.2,0.46,0.14,0.5,,21.3,250.0,108.0,165.0,3.89,0.526,1.76,0.46,,,4.88,1.119,1.04,,,,3.42,0.501,,,,,,
58,60500,"469226,448323694","-272362,831965746",80.0,45.63,0.59,8.8,14.0,10,,27.14,72.0,5.44,0.7,5.52,15.44,0.4,0.114,0.14,,37.0,720.0,143.0,121.0,,,,,,,,,,,,,,,,,,,,
59,60600,"469196,236323694","-272343,319965746",85.0,45.35,0.6,9.22,,12.52,32.6,26.75,,5.49,0.07,6.27,15.46,0.38,0.11,0.13,0.07,31.4,,,,4.6,,,,,21.1,3.9,1.13,1.22,8.02,,,3.99,0.58,,,,,,
60,61160,"467870,940323694","-272342,997965746",82.0,,0.58,9.4,,11.9,32,26.26,0.98,5.25,0.65,6.35,16.23,0.43,0.1,0.5,,22.2,305.0,,,4.2,0.6,1.8,,,,5.6,1.20,1.27,,,,3.9,0.56,,,,,,
61,61180,"467852,906323694","-272350,649965746",82.0,,0.66,9.26,21.0,12.43,33.9,27.1,0.12,5.47,18.0,5.78,15.56,0.51,0.25,0.18,,31.5,435.0,139.0,180.0,4.69,0.654,2.09,0.54,,,5.92,1.185,1.28,,,,4.17,0.593,,,,,,
62,61220,"467854,781323694","-272356,280965746",9.2,,0.49,7.0,,9.1,22.7,28.25,,4.55,0.06,5.02,16.21,0.42,0.09,0.1,0.06,17.0,,,,3.0,,,,,14.5,4.35,1.28,0.90,5.76,1.1,,3.01,0.44,,,,,,
63,61240,"467854,781323694","-272356,280965746",47.0,,0.57,9.1,18.0,11.8,30,27.15,,5.33,0.07,5.75,15.69,0.55,0.1,0.13,0.07,22.8,,130.0,,3.3,0.4,1.8,0.55,,,5.0,1.10,1.1,5.6,,,3.8,0.50,,,,,,
64,61280,"467818,000323694","-272379,551965746",69.0,44.65,0.54,11.5,27.0,,,27.12,44.0,5.07,0.6,,16.0,0.45,0.13,,,26.0,440.0,115.0,135.0,,,,,,,,,,,,,3.3,,,,,,,
65,61500,"467874,912323694","-272314,250965746",53.0,44.66,0.56,10.0,,12.1,36,26.5,,5.31,0.07,6.08,15.33,0.41,0.11,0.11,0.08,35.0,,160.0,,4.3,0.56,2.2,,,,,1.22,1.2,9.1,,,4.2,0.69,,,,,,
66,62240,"468444,857323694","-272307,042965746",100.0,44.65,0.56,9.7,21.0,12.0,32,27.0,,5.49,0.7,5.84,15.95,0.44,0.13,0.1,,25.1,,130.0,,3.2,0.5,1.9,0.54,,,5.4,1.07,1.1,6.5,,,3.6,0.49,,,,,,
67,62280,"468455,753323694","-272337,145965746",76.0,,0.6,8.9,16.0,10.6,26,26.7,0.11,5.5,0.67,6.6,15.9,0.47,0.12,0.4,,19.7,,120.0,,2.8,0.4,1.6,0.55,,,4.6,1.15,1.00,5.4,,,3.3,0.44,,,,,,
68,63320,"469533,472323694","-268510,659965746",47.0,,0.35,8.2,15.0,9.3,24,28.93,0.94,4.67,0.68,6.96,15.67,0.57,0.77,0.4,,19.8,,130.0,,3.3,0.5,1.3,0.44,,,4.1,1.21,0.78,5.9,,,3.1,0.45,,,,,,
69,63340,"469533,472323694","-268510,659965746",54.0,,0.6,,,,,29.0,0.95,4.53,0.67,7.3,12.45,0.56,0.15,,,,,,,,,,398,,,,,,,,,,,,,,,,
70,63500,"469525,234323694","-268511,745965746",46.0,,0.53,7.43,,0.99,20,27.72,,4.72,0.7,5.25,15.87,0.46,0.9,0.1,,6.19,,,190.0,0.56,0.03,,,,,0.45,1.06,0.13,0.94,,,0.68,0.10,,,,,,
71,64420,"469692,896323694","-276397,548965746",83.0,44.88,0.55,7.9,,12.3,35,27.6,,5.03,0.06,5.35,15.81,0.39,0.1,0.13,0.07,25.0,,115.0,,4.0,0.5,,,,,5.7,1.14,1.1,6.8,1.6,,4.0,0.57,,,,,,
72,64500,"469702,861323694","-276387,498965746",61.0,,0.53,10.4,,11.7,30.3,27.4,29.0,4.16,,4.27,16.6,0.47,0.11,0.5,,21.0,290.0,,,4.7,,,,,20.3,5.48,1.18,1.18,7.3,1.5,,3.74,0.54,,,,,,
73,64800,"469656,668323694","-276454,754965746",71.0,44.9,0.47,5.6,28.0,12.8,37.1,27.7,0.11,5.01,,5.69,15.7,0.51,0.22,0.16,,27.0,,175.0,,3.5,,2.17,0.61,,16.7,4.95,0.99,1.01,6.25,1.44,0.66,4.00,0.62,,,,,,
74,64810,"469656,668323694","-276454,754965746",54.0,44.6,0.49,9.27,21.0,14.21,38.3,26.9,0.11,5.59,0.4,5.5,15.5,0.5,0.19,0.6,,35.5,465.0,159.0,165.0,5.67,0.758,2.68,0.70,,,6.82,1.185,1.44,,,,4.83,0.684,,,,,,
75,65500,"469680,381323694","-275789,542965746",38.0,45.5,0.7,,,,,26.07,29.0,5.96,0.79,6.28,14.97,0.44,0.15,0.16,,,290.0,175.0,162.0,,,,,,,,,,,,,,,,,,,,
76,65510,"469680,381323694","-275789,542965746",55.0,,,10.59,24.0,15.90,42.7,25.3,37.0,5.82,16.0,6.7,14.2,0.47,,847.0,61.0,26.3,370.0,172.0,165.0,6.15,0.8340000000000001,2.84,0.74,,,7.56,1.233,1.59,,,,5.35,0.751,,,,,847.0,610.0
77,65700,"469682,255323694","-275809,085965746",106.0,45.03,0.64,10.11,,14.7,38.3,26.47,51.0,5.87,0.08,6.02,15.29,0.41,0.12,0.13,0.09,31.7,510.0,,,5.4,,,,,25.4,7.01,1.27,1.46,9.6,,,5.05,0.71,,,,,,
78,65900,"469682,255323694","-275809,085965746",99.0,,0.61,11.0,25.0,15.1,37,26.5,0.11,5.8,0.07,6.2,15.0,0.47,0.11,0.7,,30.0,,140.0,,4.7,0.62,2.5,0.80,,26,6.7,1.22,1.4,8.2,,,4.9,0.70,,,,,,
79,66030,"469422,625323694","-275404,534965746",102.0,,,9.95,22.0,13.65,36.8,26.7,48.0,5.8,15.0,6.8,14.6,0.44,,777.0,58.0,34.2,480.0,144.0,155.0,5.01,0.685,2.49,0.70,,,6.50,1.192,1.37,,,,4.55,0.642,,,,,777.0,582.0
80,66040,"469422,625323694","-275404,534965746",90.0,45.07,0.64,10.0,22.0,,,26.39,33.0,6.08,0.08,6.14,15.29,0.38,0.12,0.15,0.09,21.0,330.0,120.0,145.0,,,,,,,,,,,,,3.6,,,,,,,
81,66080,"469417,322323694","-275408,948965746",80.0,45.38,0.67,10.0,19.0,,,26.22,34.0,5.85,0.08,6.39,15.28,0.39,0.13,0.13,0.09,21.0,348.0,130.0,210.0,,,,,,,,,,,,,4.2,,,,,,,
82,67460,"469134,659323694","-267806,389965746",25.0,44.77,0.37,7.8,17.0,6.7,18,28.99,,4.35,0.07,4.2,16.85,0.44,0.06,0.05,,13.0,,90.0,,1.8,0.3,1.0,,,,3.0,1.10,0.59,3.6,,,2.1,0.28,,,,,,
83,67480,"469133,863323694","-267803,683965746",31.0,,0.41,7.1,14.0,7.3,18,29.01,,4.66,0.06,4.2,16.54,0.42,0.06,0.13,0.03,14.9,,90.0,,1.9,0.3,1.1,0.49,,,3.3,1.16,0.66,3.9,,,2.4,0.32,,,,,,
84,67510,"469133,858323694","-267803,838965746",8.8,,,8.18,20.0,3.42,9.24,28.6,55.0,4.1,15.0,4.0,15.7,0.39,,500.0,49.0,7.18,55.0,45.0,155.0,1.24,0.192,0.51,0.158,,,1.71,0.968,0.39,,,,1.34,0.191,,,,,500.0,493.0
85,67600,"469160,723323694","-267805,807965746",45.0,,0.42,6.6,,6.7,16.5,28.93,18.0,4.09,0.06,4.75,16.4,0.44,0.07,0.06,0.04,14.4,180.0,,,1.99,,,,,11.1,3.10,1.29,0.62,4.3,0.86,,2.28,0.33,,,,,,
86,68120,"468715,818323694","-275173,645965746",61.0,,0.6,9.8,,13.1,33.0,27.6,,5.2,,6.0,17.5,2.0,,0.7,,30.0,,140.0,,4.4,0.5,2.5,,,25,6.6,1.3,1.3,,,,4.5,0.7,,,,,,
87,68500,"468715,980323694","-275159,598965746",85.0,,0.58,9.2,,13.6,35.5,26.65,56.0,5.48,0.07,6.28,15.35,0.47,0.11,0.12,0.08,34.7,560.0,,,4.5,0.8,2.4,,,,6.2,1.20,1.28,,,,4.4,0.62,,,,,,
88,68820,"468747,639323694","-275155,933965746",84.0,44.5,0.5,9.8,,13.3,33.2,26.2,,5.4,0.12,6.13,15.3,0.48,0.16,0.7,,28.5,,160.0,,4.4,0.5,2.5,,,26,6.7,1.2,1.2,,,,4.9,0.7,,,,,,
89,68840,"468744,805323694","-275151,006965746",70.0,45.08,0.59,9.2,14.0,14,,26.49,68.0,5.65,0.07,6.27,15.3,0.41,0.11,0.12,0.08,34.0,680.0,120.0,113.0,,,,,,,,,,,,,3.8,,,,,,,
90,69920,"468940,479323694","-274904,565965746",90.0,45.2,0.59,10.0,19.0,,,26.2,0.14,5.54,0.07,6.35,15.35,0.53,0.14,0.12,,21.0,348.0,130.0,210.0,,,,,,,,,,,,,3.6,,,,,,,
91,69940,"468946,593323694","-274893,152965746",85.0,44.67,0.63,10.0,,14.2,37.0,26.3,0.13,5.76,0.07,6.35,15.57,0.42,0.14,0.12,,32.1,470.0,,,5.3,,,,,24.0,6.8,1.28,1.41,9.0,,,4.81,0.68,,,,,,
92,69960,"468941,098323694","-274902,154965746",92.0,44.76,0.6,11.8,29.0,,,26.35,0.13,5.76,0.07,6.33,15.55,0.41,0.14,0.12,,47.0,600.0,140.0,135.0,,,,,,,,,,,,,3.7,,,,,,,
93,70160,"932927,436360179","612276,412911061",,40.34,8.99,,,,,11.6,0.46,17.01,0.23,9.79,10.98,0.32,0.08,0.08,0.12,,161.0,,168.0,,,,,,,,,,,,,,,,,,,,
94,70180,"932921,161760179","612328,933811061",47.0,40.87,8.11,,,8.09,24.8,12.3,0.44,16.37,0.24,9.82,11.05,0.35,0.08,0.06,0.11,,191.0,98.3,170.0,,,,0.28,,,8.05,1.66,,13.2,,,7.02,,,,,,,
95,70270,"933249,905660179","612274,937211061",56.0,,,,,,,,,,,,,,,,,,,,,,,,,,,,,,,,,,,,,,,,
96,70311,"934301,573260179","612413,865111061",39.0,,,,,,,,,,,,,,,,,,,,,,,,,,,,,,,,,,,,,,,,
97,70320,"934301,562460179","612413,898011061",42.0,,,,,,,,,,,,,,,,,,,,,,,,,,,,,,,,,,,,,,,,
98,71040,"933503,158560179","611029,418011061",29.0,39.74,9.57,,,,,10.8,0.47,17.73,0.24,9.72,10.72,0.35,0.08,0.07,0.13,,117.0,,165.0,,,,,,,,,,,,,,,,,,,,
99,71060,"933503,158560179","611029,418011061",29.0,40.09,9.32,70.3,,,,10.7,0.49,17.85,0.24,9.92,10.59,0.36,0.08,0.07,0.13,26.3,50.0,,,7.4,1.6,0.6,,,,,,,,,,,,,,,,,
100,71130,"933508,325160179","611026,519011061",33.0,,,,,,,,,,,,,0.0,,625.0,,,,,,,,0.67,0.23,625.0,,,,,,,,,,,,,,,
101,71150,"933509,146260179","611027,655811061",34.0,,,,,,,,,,,,,0.0,,,,,,,,,,0.67,0.23,,,,,,,,,,,,,,,,
102,71500,"933521,841360179","611035,235011061",35.0,39.82,9.52,73.0,,,,11.13,0.46,17.41,0.25,9.51,10.85,0.32,0.07,0.06,0.12,33.1,90.0,,,7.1,1.9,0.4,,,,,,,,,,,,,,,,,
103,72130,"930689,137260179","611640,782911061",60.0,,,,,,,,,,,,,,,,,,,,,,,,,,,,,,,,,,,,,,,,
104,72140,"929477,961460179","611629,166011061",81.0,43.11,4.37,,,10.2,28.1,16.1,0.37,13.45,0.19,10.25,11.83,0.4,0.12,0.1,0.09,,271.0,,156.0,,,,,,20.7,6.70,1.35,,9.82,,,5.28,,,,,,,
105,72150,"928991,481460179","611493,810111061",82.0,,,44.1,,,,38.0,26.0,,,5.2,1.1,1.0,,,,38.8,265.0,,,5.2,1.1,1.3,,,,,,,,,,,,,,,,,
106,72160,"928991,481460179","611493,810111061",87.0,42.12,5.21,,,9.71,27.0,14.22,0.42,14.86,0.22,10.54,11.17,0.41,0.11,0.08,0.08,,273.0,,150.0,,,,0.41,,,6.94,1.42,,10.4,,,5.51,,,,,,,
107,73120,"926631,006960179","609813,291011061",78.0,45.56,1.39,17.0,50.0,15.6,39,21.23,0.26,8.45,0.11,9.73,12.82,0.39,0.17,0.15,0.09,31.0,280.0,150.0,,5.0,0.78,2.4,0.7,,27,7.2,1.20,1.4,10,,,5.3,0.77,200.0,11.0,,,,
108,73130,"926631,006960179","609813,291111061",16.0,,,15.0,,,,11.0,,,,,,2.0,0.1397,,,119.0,,,,,,2.24,0.63,,,,,,,,,,,,,,,,
109,73140,"926631,006960179","609813,291111061",48.0,45.12,1.56,18.0,45.0,18.0,47,20.64,0.23,8.77,0.11,10.08,12.86,0.4,0.16,0.13,0.09,31.0,250.0,190.0,145.0,6.1,0.84,2.9,1.0,,30,8.2,1.33,1.7,11,,,6.0,0.87,220.0,8.0,,,,
110,73150,"926631,006960179","609813,291111061",68.0,,,,,,,,,,,,,,,,,,,,,,,,,,,,,,,,,,,,,,,,
111,74110,"927949,638960179","612092,268111061",31.0,,,,,,,,,,,,,,,,,,,,,,,,,,,,,,,,,,,,,,,,
112,74120,"928261,806560179","612441,043711061",88.0,44.51,2.56,,,,39.0,19.36,0.26,10.24,0.13,9.93,12.44,0.4,0.134,0.136,0.08,,,167.0,150.0,,,,,,25.6,7.55,1.33,,10.4,,,5.79,0.895,,,,,,
113,74220,"928805,980360179","612920,140711061",1.0,38.57,8.81,,,6.25,19.0,6.32,0.75,22.04,0.3,14.44,7.68,0.36,0.09,0.04,0.07,,83.0,76.4,209.0,,,,0.16,,17.8,6.53,1.80,,9.40,,,4.43,0.61,,,,,,
114,74240,"928805,980360179","612920,140711061",5.1,40.78,8.61,,,9.95,28.8,12.54,0.41,15.84,0.24,9.15,11.36,0.38,0.12,0.09,0.14,,80.0,112.0,163.0,,,,0.37,,24.0,8.55,1.60,,13.7,,,7.45,,,,,,,
115,74260,"928805,980360179","612920,140711061",5.0,41.22,7.68,56.3,,,,13.25,0.41,15.31,0.23,9.47,11.37,0.38,0.12,0.09,0.12,49.2,160.0,,,6.7,1.1,0.7,,,,,,,,,,,,,,,,,
116,75060,"931811,688160179","612008,907811061",33.0,39.32,10.31,,,7.07,23.6,10.42,0.48,18.19,0.25,9.53,10.72,0.33,0.08,0.06,0.13,,115.0,89.5,166.0,,,,0.21,,23.1,9.09,1.77,,15.5,,,8.36,,,,,,,
117,75080,"931809,432160179","612006,651911061",40.0,40.27,9.41,61.0,100.0,7.2,30,11.31,0.46,17.2,0.25,9.59,10.97,0.33,0.08,0.07,0.12,27.0,100.0,100.0,160.0,7.0,1.3,0.6,,,25,7.6,1.70,2.0,12,,,7.3,1.0,230.0,5.0,,,,
118,75110,"930173,599760179","612974,306911061",54.0,,,,,,,,,,,,,,,,,,,,,,,,,,,,,,,,,,,,,,,,
119,75120,"930813,720560179","612654,647211061",67.0,,,,,,,,,,,,,,,,,,,,,,,,,,,,,,,,,,,,,,,,
120,76120,"933380,340460179","613586,540011061",71.0,,,,,,,,,,,,,,,,,,,,,,,,,,,,,,,,,,,,,,,,
121,76130,"933577,975060179","614983,780811061",70.0,,,,,,,,,,,,,,,,,,,,,,,,,,,,,,,,,,,,,,,,
122,76220,"933905,541960178","615144,197611061",66.0,,,,,,,,,,,,,,,,,,,,,,,,,,,,,,,,,,,,,,,,
123,76240,"933908,684660179","615126,463611061",56.0,,3.31,31.0,,,34,17.85,,10.92,0.16,11.05,11.97,0.43,0.12,0.09,0.07,37.0,,,,6.7,0.88,2.7,,,,,1.6,1.8,,,,4.8,,,,,,,
124,76260,"933908,684560179","615126,463811061",58.0,43.64,3.38,30.0,,,,17.96,0.28,10.93,0.16,10.75,12.11,0.43,0.12,0.11,0.07,32.0,,,,5.6,,,,,,,1.5,,,,,,,,,,,,
125,76280,"933908,684560179","615126,463811061",45.0,,3.83,,,,,17.8,0.29,11.26,0.16,10.55,12.18,0.43,0.11,0.09,0.07,,169.0,,150.0,,,,,,,,,,,,,,,,,,,,
126,76320,"933916,317060179","615142,514011061",93.0,44.08,3.0,,,,,18.41,0.26,10.53,0.15,10.82,12.23,0.46,0.13,0.09,0.07,,210.0,,151.0,,,,,,,,,,,,,,,,,,,,
127,76500,"933884,777460179","615132,749111061",58.0,43.41,3.15,,,8.95,24.3,18.63,0.26,10.32,0.14,11.08,12.28,0.35,0.1,0.08,,,203.0,,151.0,,,,0.44,,17.4,5.55,1.25,,8.18,,,4.53,,,,,,,
128,77510,"934369,615660179","615186,239511061",80.0,,,,,,,,23.0,,15.0,,,,,,,,231.0,,153.0,,,,,,,,,,,,,,,,,,,,
129,77530,"934369,615260179","615186,239111061",79.0,43.07,3.91,,,9.96,26.7,17.16,0.3,11.7,0.17,10.19,11.93,0.44,0.11,0.08,0.08,,,123.0,155.0,,,,,,19.4,6.47,1.35,,9.55,,,5.26,,,,,,,
130,78120,"936101,886860179","614752,053611061",68.0,,,,,,25.2,1.0,,113.0,15.0,9.0,,,,0.8,,,,113.0,154.0,,,,,,19.2,6.26,1.39,,9.84,,,5.27,0.830,,,,,,
131,78220,"936175,896460179","614892,176111061",93.0,,3.84,,68.0,,,17.13,0.32,11.68,0.15,10.55,11.79,0.37,0.092,0.08,0.08,34.0,221.0,109.0,147.0,,,,,,,,,,,,,,,,,,,,
132,78230,"936174,306560179","614890,434711061",81.0,,,,,,,,,,,,,,,,,,,,,,,,,,,,,,,,,,,,,,,,
133,78250,"936174,306260179","614890,435211061",,,,,,,,,,,,,,,,,,,,,,,,,,,,,,,,,,,,,,,,,
134,78420,"936130,167860179","614863,633511061",,,2.3,37.0,,,25,9.2,,9.5,0.12,7.1,8.4,0.32,,4.0,42.0,36.0,,,,5.1,0.79,1.3,,,,1.4,,1.6,,,,5.4,,,,,,,
135,78440,"936130,168560179","614863,633311061",77.0,,1.9,,,24.2,18.6,9.1,,9.6,0.13,6.6,7.9,0.36,,0.8,42.0,,,113.0,149.0,,,,,,6.08,1.35,,9.18,,,,5.17,0.806,,,,42.0,,
136,78460,"936130,168560179","614863,633311061",83.0,,2.1,,,,23.2,8.5,,10.0,0.12,6.7,7.9,0.3,,0.7,41.0,,,109.0,149.0,,,,,,17.6,5.88,1.31,,8.88,,,4.88,0.78,,,,41.9,,
137,78480,"936130,168560179","614863,633311061",,,1.8,36.0,,,24,9.0,,9.3,0.12,6.8,7.6,0.29,,4.0,41.0,38.0,,,,5.6,0.68,1.6,,,,,1.4,1.7,,,,5.3,,,,,41.9,,
138,78500,"936116,464360179","614887,179211061",36.0,,5.47,,,8.29,23.3,15.73,0.37,13.15,0.18,9.91,11.77,0.35,0.09,0.05,0.1,,194.0,,154.0,,,,0.36,,18.4,6.36,1.37,,10.2,,,5.54,,,,,,,
139,79120,"934845,732160179","613548,934711061",57.0,,,,,,,,,,,,,,,,,,,,,,,,,,,,,,,,,,,,,,,,
140,79220,"934865,653860179","613486,046911061",81.0,41.67,6.52,,,7.46,25.6,13.57,0.42,15.37,0.21,10.22,11.18,0.34,0.09,0.06,0.12,,,,,,,,,,,6.90,1.44,1.78,,,,6.70,0.94,,,,,,
141,79240,"934865,653460179","613486,046811061",51.0,41.73,6.79,56.0,81.0,10,,13.9,0.46,15.64,0.2,9.9,11.08,0.39,0.9,0.89,,,275.0,117.0,147.0,,,,,,,,,,,,,6.4,,,,,,,
142,79260,"934865,653460179","613486,046811061",43.0,42.26,6.09,,,8.31,22.2,14.43,0.4,14.6,0.2,9.82,11.48,0.35,0.11,0.07,0.12,,177.0,,154.0,,,,0.32,,17.8,6.18,1.39,,10.0,,,5.53,0.71,,,,,,
143,79510,"934845,732160179","613548,934711061",61.0,41.69,6.13,50.0,85.0,8.7,29,13.79,0.43,15.11,0.27,10.31,10.73,0.2,0.18,0.06,,37.0,170.0,100.0,,5.6,0.99,,,,21,7.3,1.52,65,10,,,5.7,0.86,150.0,8.0,,,,
